{"cameraMode":{"drawMode":0,"name":"Shaded","section":"Shading Mode"},"sceneLighting":false,"audioPlay":false,"sceneViewState":{"showFog":true,"showMaterialUpdate":false,"showSkybox":false,"showFlares":true,"showImageEffects":true,"showParticleSystems":true},"in2DMode":false,"pivot":{"x":2.384185791015625e-7,"y":-0.9999997615814209,"z":-9.464644432067871},"rotation":{"x":0.1624598354101181,"y":-0.6881909966468811,"z":0.1624598652124405,"w":0.6881909966468811},"size":7.608562469482422,"orthographic":false}